Branch,Department,Agency,Sub-Agency/Program,Sub-Agency/Program-2,Sub-Agency/Program-3
Legislative,~~~,Architect of the Capitol,,,
Legislative,~~~,,United States Botanic Garden,,
Legislative,~~~,Congressional Budget Office,,,
Legislative,~~~,Government Accountability Office,,,
Legislative,~~~,Government Printing Office,,,
Legislative,~~~,Library of Congress,,,
Legislative,~~~,,Congressional Research Service,,
Legislative,~~~,,United States Copyright Office,,
Legislative,~~~,Office of Compliance,,,
Legislative,~~~,United States Capitol Guide Service,,,
Legislative,~~~,United States Capitol Police,,,
Judicial ,~~~,Administrative Office of the United States Courts,,,
Judicial ,~~~,Federal Judicial Center,,,
Judicial ,~~~,Judicial Conference of the United States,,,
Judicial ,~~~,Office of Probation and Pretrial Services,,,
Judicial ,~~~,United States Sentencing Commission,,,
Executive,Executive Office of the President ,Council of Economic Advisers,,,
Executive,Executive Office of the President ,Council on Environmental Quality,,,
Executive,Executive Office of the President ,Domestic Policy Council,,,
Executive,Executive Office of the President ,National Economic Council,,,
Executive,Executive Office of the President ,National Security Council,,,
Executive,Executive Office of the President ,Office of Administration,,,
Executive,Executive Office of the President ,Office of Faith-Based and Neighborhood Partnerships,,,
Executive,Executive Office of the President ,Office of Management and Budget,,,
Executive,Executive Office of the President ,Office of National AIDS Policy,,,
Executive,Executive Office of the President ,Office of National Drug Control Policy,,,
Executive,Executive Office of the President ,Office of Intergovernmental Affairs and Public Engagement,,,
Executive,Executive Office of the President ,Office of Science and Technology Policy,,,
Executive,Executive Office of the President ,Office of the President,,,
Executive,Executive Office of the President ,,Office of the First Lady,,
Executive,Executive Office of the President ,,,Office of the First Children,
Executive,Executive Office of the President ,,,Office of the First Family's Members,
Executive,Executive Office of the President ,Office of the Vice President,,,
Executive,Executive Office of the President ,President's Economic Recovery Advisory Board,,,
Executive,Executive Office of the President ,President's Intelligence Oversight Board,,,
Executive,Executive Office of the President ,President's Intelligence Advisory Board,,,
Executive,Executive Office of the President ,United States Trade Representative,,,
Executive,Executive Office of the President ,White House Office,,,
Executive,Executive Office of the President ,White House Military Office,,,
Executive,Department of Agriculture,Agricultural Marketing Service,,,
Executive,Department of Agriculture,Agricultural Research Service,,,
Executive,Department of Agriculture,Animal and Plant Health Inspection Service,,,
Executive,Department of Agriculture,Center for Nutrition Policy and Promotion,,,
Executive,Department of Agriculture,Economic Research Service,,,
Executive,Department of Agriculture,Farm Service Agency,,,
Executive,Department of Agriculture,,Commodity Credit Corporation,,
Executive,Department of Agriculture,Food and Nutrition Service,,,
Executive,Department of Agriculture,Food Safety and Inspection Service,,,
Executive,Department of Agriculture,Foreign Agricultural Service,,,
Executive,Department of Agriculture,Forest Service,,,
Executive,Department of Agriculture,"Grain Inspection, Packers and Stockyards Administration",,,
Executive,Department of Agriculture,Marketing and Regulatory Programs,,,
Executive,Department of Agriculture,National Agricultural Statistics Service,,,
Executive,Department of Agriculture,National Institute of Food and Agriculture,,,
Executive,Department of Agriculture,,4-H,,
Executive,Department of Agriculture,Natural Resources Conservation Service,,,
Executive,Department of Agriculture,Risk Management Agency,,,
Executive,Department of Agriculture,,Federal Crop Insurance Corporation,,
Executive,Department of Agriculture,Rural Business and Cooperative Programs,,,
Executive,Department of Agriculture,Office of Rural Development,,,
Executive,Department of Agriculture,"Research, Education and Economics",,,
Executive,Department of Agriculture,Rural Housing Service,,,
Executive,Department of Agriculture,Rural Utilities Service,,,
Executive,Department of Commerce,Bureau of Economic Analysis,,,
Executive,Department of Commerce,Bureau of Industry and Security,,,
Executive,Department of Commerce,Census Bureau,,,
Executive,Department of Commerce,Economic Development Administration,,,
Executive,Department of Commerce,Economics and Statistics Administration,,,
Executive,Department of Commerce,Export Enforcement,,,
Executive,Department of Commerce,Import Administration,,,
Executive,Department of Commerce,International Trade Administration,,,
Executive,Department of Commerce,,Office of Travel and Tourism Industries,,
Executive,Department of Commerce,,Invest in America,,
Executive,Department of Commerce,Manufacturing and Services,,,
Executive,Department of Commerce,Marine and Aviation Operations,,,
Executive,Department of Commerce,Market Access and Compliance,,,
Executive,Department of Commerce,Minority Business Development Agency,,,
Executive,Department of Commerce,National Oceanic and Atmospheric Administration,,,
Executive,Department of Commerce,,NOAA Commissioned Corps,,
Executive,Department of Commerce,,"National Environmental Satellite, Data, and Information Service",,
Executive,Department of Commerce,,National Marine Fisheries Service,,
Executive,Department of Commerce,,National Oceanic Service,,
Executive,Department of Commerce,,National Weather Service,,
Executive,Department of Commerce,National Telecommunications and Information Administration,,,
Executive,Department of Commerce,Patent and Trademark Office,,,
Executive,Department of Commerce,National Institute of Standards and Technology,,,
Executive,Department of Commerce,,National Technical Information Service,,
Executive,Department of Commerce,Trade Promotion and the U.S. And Foreign Commercial Service,,,
Executive,Department of Defense,Department of the Army,,,
Executive,Department of Defense,Department of the Army,United States Army,,
Executive,Department of Defense,Department of the Army,Army Intelligence and Security Command,,
Executive,Department of Defense,Department of the Army,Army Corps of Engineers,,
Executive,Department of Defense,Department of the Navy,,,
Executive,Department of Defense,,United States Navy,,
Executive,Department of Defense,,,Office of Naval Intelligence,
Executive,Department of Defense,,,U.S. Naval Academy,
Executive,Department of Defense,,Marine Corps,,
Executive,Department of Defense,,,Marine Corps Intelligence Activity,
Executive,Department of Defense,Department of the Air Force,,,
Executive,Department of Defense,,United States Air Force,,
Executive,Department of Defense,,,Civil Air Patrol,
Executive,Department of Defense,,"Air Force Intelligence, Surveillance and Reconnaissance Agency",,
Executive,Department of Defense,Joint Chiefs of Staff,,,
Executive,Department of Defense,National Guard Bureau,,,
Executive,Department of Defense,,Air National Guard,,
Executive,Department of Defense,,Army National Guard,,
Executive,Department of Defense,Defense Advanced Research Projects Agency,,,
Executive,Department of Defense,Defense Commissary Agency,,,
Executive,Department of Defense,Defense Contract Audit Agency,,,
Executive,Department of Defense,Defense Contract Management Agency,,,
Executive,Department of Defense,Defense Finance and Accounting Service,,,
Executive,Department of Defense,Defense Information Systems Agency,,,
Executive,Department of Defense,Defense Intelligence Agency,,,
Executive,Department of Defense,,Defense Clandestine Service,,
Executive,Department of Defense,Defense Logistics Agency,,,
Executive,Department of Defense,Defense Security Cooperation Agency,,,
Executive,Department of Defense,Defense Security Service,,,
Executive,Department of Defense,Defense Technical Information Center,,,
Executive,Department of Defense,Defense Threat Reduction Agency,,,
Executive,Department of Defense,Missile Defense Agency,,,
Executive,Department of Defense,National Security Agency,,,
Executive,Department of Defense,,Central Security Service,,
Executive,Department of Defense,National Reconnaissance Office,,,
Executive,Department of Defense,National Geospatial-Intelligence Agency,,,
Executive,Department of Defense,Naval Criminal Investigative Service,,,
Executive,Department of Defense,Pentagon Force Protection Agency,,,
Executive,Department of Defense,United States Pentagon Police,,,
Executive,Department of Defense,American Forces Information Service,,,
Executive,Department of Defense,Defense Prisoner of War/Missing Personnel Office,,,
Executive,Department of Defense,Department of Defense Education Activity,,,
Executive,Department of Defense,Department of Defense Dependents Schools,,,
Executive,Department of Defense,Defense Human Resources Activity,,,
Executive,Department of Defense,Office of Economic Adjustment,,,
Executive,Department of Defense,TRICARE Management Activity,,,
Executive,Department of Defense,Washington Headquarters Services,,,
Executive,Department of Defense,West Point Military Academy,,,
Executive,Department of Education,Office of the Secretary ,,,
Executive,Department of Education,,Office of Communications and Outreach (OCO),,
Executive,Department of Education,,Office of the General Counsel (OGC),,
Executive,Department of Education,,Office of Inspector General,,
Executive,Department of Education,,Office of Legislation and Congressional Affairs (OLCA),,
Executive,Department of Education,,Office for Civil Rights (OCR),,
Executive,Department of Education,,Office of Educational Technology (OET),,
Executive,Department of Education,,Institute of Education Sciences (IES),,
Executive,Department of Education,,,National Center for Education Statistics (NCES),
Executive,Department of Education,,,,National Assessment of Educational Progress (NAEP)
Executive,Department of Education,,,,Education Resources Information Center (ERIC)
Executive,Department of Education,,Office of Innovation and Improvement (OII),,
Executive,Department of Education,,Office of the Chief Financial Officer,,
Executive,Department of Education,,Office of Management,,
Executive,Department of Education,,Office of the Chief Information Officer,,
Executive,Department of Education,,"Office of Planning, Evaluation and Policy Development",,
Executive,Department of Education,,Budget Service,,
Executive,Department of Education,,Risk Management Service,,
Executive,Department of Education,Office of the Under Secretary (OUS),,,
Executive,Department of Education,,Office of Postsecondary Education (OPE),,
Executive,Department of Education,,Office of Vocational and Adult Education (OVAE),,
Executive,Department of Education,,Office of Federal Student Aid (FSA),,
Executive,Department of Education,,President's Advisory Board on Tribal Colleges and Universities (WHITCU),,
Executive,Department of Education,,President's Advisory Board on Historically Black Colleges and Universities (WHIHBCU),,
Executive,Department of Education,Office of the Deputy Secretary (ODS)/Chief Operating Officer,,,
Executive,Department of Education,,Office of Elementary and Secondary Education (OESE),,
Executive,Department of Education,,,Office of Migrant Education (OME),
Executive,Department of Education,,,Office of Safe and Healthy Students (OSHS),
Executive,Department of Education,,,Student Achievement and School Accountability Programs (SASA),
Executive,Department of Education,,,White House Initiative on Asian Americans and Pacific Islanders (AAPI),
Executive,Department of Education,,,White House Initiative on Educational Excellence for Hispanics,
Executive,Department of Education,,,White House Initiative on American Indian and Alaska Native Education,
Executive,Department of Education,,,White House Initiative on Educational Excellence for African Americans,
Executive,Department of Education,,"Office of English Language Acquisition, Language Enhancement and Academic Achievement for Limited English Proficient Students (OELA)",,
Executive,Department of Education,,Office of Special Education and Rehabilitative Services (OSERS),,
Executive,Department of Education,,,National Institute on Disability and Rehabilitation Research (NIDRR),
Executive,Department of Education,,,Office of Special Education Programs (OSEP),
Executive,Department of Education,,,Rehabilitation Services Administration (RSA),
Executive,Department of Education,,Office of Innovation and Improvement,,
Executive,Department of Education,Associated Federal Organizations,,,
Executive,Department of Education,,Advisory Councils and Committees,,
Executive,Department of Education,,National Assessment Governing Board (NAGB),,
Executive,Department of Education,,National Advisory Council on Indian Education (NACIE),,
Executive,Department of Education,,Federal Interagency Committee on Education (FICE),,
Executive,Department of Education,,Advisory Commission on Accessible Instructional Materials in Postsecondary Education for Students with Disabilities,,
Executive,Department of Education,,National Board for Education Sciences,,
Executive,Department of Education,,National Board of the Fund for the Improvement of Postsecondary Education (FIPSE),,
Executive,Department of Education,Federally Aided Organizations,,,
Executive,Department of Education,,Gallaudet University,,
Executive,Department of Education,,Howard University,,
Executive,Department of Education,,National Technical Institute for the Deaf,,
Executive,Department of Energy,Energy Information Administration,,,
Executive,Department of Energy,Federal Energy Regulatory Commission,,,
Executive,Department of Energy,National Laboratories and Technology Centers,,,
Executive,Department of Energy,,University Corporation for Atmospheric Research,,
Executive,Department of Energy,National Nuclear Security Administration,,,
Executive,Department of Energy,Power Marketing Administrations,,,
Executive,Department of Energy,,Bonneville Power Administration,,
Executive,Department of Energy,,Southeastern Power Administration,,
Executive,Department of Energy,,Southwestern Power Administration,,
Executive,Department of Energy,,Western Area Power Administration,,
Executive,Department of Health and Human Services,Administration on Aging,,,
Executive,Department of Health and Human Services,Administration for Children and Families,,,
Executive,Department of Health and Human Services,,"Administration for Children, Youth and Families",,
Executive,Department of Health and Human Services,Agency for Healthcare Research and Quality,,,
Executive,Department of Health and Human Services,Centers for Disease Control and Prevention,,,
Executive,Department of Health and Human Services,,CDC Foundation,,
Executive,Department of Health and Human Services,,National Institute for Occupational Safety and Health,,
Executive,Department of Health and Human Services,,Epidemic Intelligence Service,,
Executive,Department of Health and Human Services,,,National Center for Health Statistics,
Executive,Department of Health and Human Services,Centers for Medicare and Medicaid Services,,,
Executive,Department of Health and Human Services,Food and Drug Administration,,,
Executive,Department of Health and Human Services,,Reagan-Udall Foundation,,
Executive,Department of Health and Human Services,Health Resources and Services Administration,,,
Executive,Department of Health and Human Services,Patient Affordable Healthcare Act Program {to be implemented fully in 2014},,,
Executive,Department of Health and Human Services,,Independent Payment Advisory Board,,
Executive,Department of Health and Human Services,Indian Health Service,,,
Executive,Department of Health and Human Services,National Institutes of Health,,,
Executive,Department of Health and Human Services,,National Institute of Mental Health,,
Executive,Department of Health and Human Services,National Health Intelligence Service,,,
Executive,Department of Health and Human Services,Public Health Service,,,
Executive,Department of Health and Human Services,,Federal Occupational Health,,
Executive,Department of Health and Human Services,,Office of the Surgeon General,,
Executive,Department of Health and Human Services,,United States Public Health Service Commissioned Corps,,
Executive,Department of Health and Human Services,Substance Abuse and Mental Health Services Administration,,,
Executive,Department of Homeland Security,Federal Emergency Management Agency,,,
Executive,Department of Homeland Security,,FEMA Corps,,
Executive,Department of Homeland Security,,U.S. Fire Administration,,
Executive,Department of Homeland Security,,National Flood Insurance Program,,
Executive,Department of Homeland Security,Federal Law Enforcement Training Center,,,
Executive,Department of Homeland Security,Transportation Security Administration,,,
Executive,Department of Homeland Security,United States Citizenship and Immigration Services,,,
Executive,Department of Homeland Security,United States Coast Guard,,,
Executive,Department of Homeland Security,,Coast Guard Intelligence,,
Executive,Department of Homeland Security,,National Ice Center,,
Executive,Department of Homeland Security,,United States Ice Patrol,,
Executive,Department of Homeland Security,United States Customs and Border Protection,,,
Executive,Department of Homeland Security,,Office of Air and Marine,,
Executive,Department of Homeland Security,,Office of Border Patrol,,
Executive,Department of Homeland Security,,,U.S. Border Patrol,
Executive,Department of Homeland Security,,,,Border Patrol Intelligence
Executive,Department of Homeland Security,,Office of Field Operations,,
Executive,Department of Homeland Security,United States Immigration and Customs Enforcement,,,
Executive,Department of Homeland Security,United States Secret Service,,,
Executive,Department of Homeland Security,,Secret Service Intelligence Service,,
Executive,Department of Homeland Security,Domestic Nuclear Detection Office,,,
Executive,Department of Homeland Security,Office of Health Affairs,,,
Executive,Department of Homeland Security,,Office of Component Services,,
Executive,Department of Homeland Security,,Office of International Affairs and Global Health Security,,
Executive,Department of Homeland Security,,Office of Medical Readiness,,
Executive,Department of Homeland Security,,Office of Weapons of Mass Destruction and Biodefense,,
Executive,Department of Homeland Security,Office of Intelligence and Analysis,,,
Executive,Department of Homeland Security,Office of Operations Coordination,,,
Executive,Department of Homeland Security,Office of Policy,,,
Executive,Department of Homeland Security,,Homeland Security Advisory Council,,
Executive,Department of Homeland Security,,Office of International Affairs,,
Executive,Department of Homeland Security,,Office of Immigration Statistics,,
Executive,Department of Homeland Security,,Office of Policy Development,,
Executive,Department of Homeland Security,,Office of State and Local Law Enforcement,,
Executive,Department of Homeland Security,,Office of Strategic Plans,,
Executive,Department of Homeland Security,,Private Sector Office,,
Executive,Department of Homeland Security,Directorate for Management,,,
Executive,Department of Homeland Security,National Protection and Programs Directorate,,,
Executive,Department of Homeland Security,,Federal Protective Service,,
Executive,Department of Homeland Security,,Office of Cybersecurity and Communications,,
Executive,Department of Homeland Security,,,National Communications System,
Executive,Department of Homeland Security,,,National Cyber Security Division,
Executive,Department of Homeland Security,,,,United States Computer Emergency Readiness Team
Executive,Department of Homeland Security,,,Office of Emergency Communications,
Executive,Department of Homeland Security,,Office of Infrastructure Protection,,
Executive,Department of Homeland Security,,Office of Risk Management and Analysis,,
Executive,Department of Homeland Security,,United States Visitor and Immigrant Status Indicator Technology (US-VISIT),,
Executive,Department of Homeland Security,Science and Technology Directorate,,,
Executive,Department of Homeland Security,,Environmental Measurements Laboratory â†’ National Urban Security Technology Laboratory,,
Executive,Department of Homeland Security,Innovation/Homeland Security Advanced Research Projects Agency,,,
Executive,Department of Homeland Security,Office of Research,,,
Executive,Department of Homeland Security,,Office of National Laboratories,,
Executive,Department of Homeland Security,,Office of University Programs,,
Executive,Department of Homeland Security,,"Program Executive Office, Counter Improvised Explosive Device",,
Executive,Department of Homeland Security,Office of Transition,,,
Executive,Department of Homeland Security,,Commercialization Office,,
Executive,Department of Homeland Security,,Long Range Broad Agency Announcement Office,,
Executive,Department of Homeland Security,,Product Transition Office,,
Executive,Department of Homeland Security,,Safety Act Office,,
Executive,Department of Homeland Security,,Technology Transfer Office,,
Executive,Department of Homeland Security,Border and Maritime Security Division,,,
Executive,Department of Homeland Security,Chemical and Biological Division,,,
Executive,Department of Homeland Security,"Command, Control and Interoperability Division",,,
Executive,Department of Homeland Security,Explosives Division,,,
Executive,Department of Homeland Security,Human Factors Division,,,
Executive,Department of Homeland Security,Infrastructure/Geophysical Division,,,
Executive,Department of Homeland Security,Business Operations Division,,,
Executive,Department of Homeland Security,,Executive Secretariat Office,,
Executive,Department of Homeland Security,,Human Capital Office,,
Executive,Department of Homeland Security,,Key Security Office,,
Executive,Department of Homeland Security,,Office of the Chief Administrative Officer,,
Executive,Department of Homeland Security,,Office of the Chief Information Officer,,
Executive,Department of Homeland Security,,Planning and Management,,
Executive,Department of Homeland Security,Corporate Communications Division,,,
Executive,Department of Homeland Security,Interagency and First Responders Programs Division,,,
Executive,Department of Homeland Security,International Cooperative Programs Office,,,
Executive,Department of Homeland Security,Operations Analysis Division,,,
Executive,Department of Homeland Security,,Homeland Security Studies and Analysis Institute,,
Executive,Department of Homeland Security,,Homeland Security Systems Engineering and Development Institute,,
Executive,Department of Homeland Security,"Strategy, Policy and Budget Division",,,
Executive,Department of Homeland Security,Special Programs Division,,,
Executive,Department of Homeland Security,Test and Evaluation and Standards Division,,,
Executive,Department of Housing and Urban Development,Federal Housing Administration,,,
Executive,Department of Housing and Urban Development,Federal Housing Finance Agency,,,
Executive,Department of Housing and Urban Development,Center for Faith-Based and Neighborhood Partnerships (HUD),,,
Executive,Department of Housing and Urban Development,Departmental Enforcement Center,,,
Executive,Department of Housing and Urban Development,Office of Community Planning and Development,,,
Executive,Department of Housing and Urban Development,Office of Congressional and Intergovernmental Relations,,,
Executive,Department of Housing and Urban Development,Office of Equal Employment Opportunity,,,
Executive,Department of Housing and Urban Development,Office of Fair Housing and Equal Opportunity,,,
Executive,Department of Housing and Urban Development,Office of Field Policy and Management,,,
Executive,Department of Housing and Urban Development,Office of the General Counsel,,,
Executive,Department of Housing and Urban Development,Office of Healthy Homes and Lead Hazard Control,,,
Executive,Department of Housing and Urban Development,Office of Hearings and Appeals,,,
Executive,Department of Housing and Urban Development,Office of Labor Relations,,,
Executive,Department of Housing and Urban Development,Office of Policy Development and Research,,,
Executive,Department of Housing and Urban Development,Office of Public Affairs,,,
Executive,Department of Housing and Urban Development,Office of Public and Indian Housing,,,
Executive,Department of Housing and Urban Development,Office of Small and Disadvantaged Business Utilization,,,
Executive,Department of Housing and Urban Development,Office of Sustainable Housing and Communities,,,
Executive,Department of Housing and Urban Development,Government National Mortgage Association (Ginnie Mae),,,
Executive,Department of the Interior,Bureau of Indian Affairs,,,
Executive,Department of the Interior,Bureau of Land Management,,,
Executive,Department of the Interior,Bureau of Ocean Energy Management,,,
Executive,Department of the Interior,Bureau of Reclamation,,,
Executive,Department of the Interior,Bureau of Safety and Environmental Enforcement,,,
Executive,Department of the Interior,Fish and Wildlife Service,,,
Executive,Department of the Interior,National Park Service,,,
Executive,Department of the Interior,Office of Insular Affairs,,,
Executive,Department of the Interior,Office of Surface Mining,,,
Executive,Department of the Interior,,National Mine Map Repository,,
Executive,Department of the Interior,United States Geological Survey,,,
Executive,Department of Justice,Antitrust Division,,,
Executive,Department of Justice,Asset Forfeiture Program,,,
Executive,Department of Justice,"Bureau of Alcohol, Tobacco, Firearms and Explosives",,,
Executive,Department of Justice,Civil Division,,,
Executive,Department of Justice,Civil Rights Division,,,
Executive,Department of Justice,Community Oriented Policing Services,,,
Executive,Department of Justice,Community Relations Service,,,
Executive,Department of Justice,Criminal Division,,,
Executive,Department of Justice,Diversion Control Program,,,
Executive,Department of Justice,Drug Enforcement Administration,,,
Executive,Department of Justice,Environment and Natural Resources Division,,,
Executive,Department of Justice,Executive Office for Immigration Review,,,
Executive,Department of Justice,Executive Office for Organized Crime Drug Enforcement Task Forces,,,
Executive,Department of Justice,Executive Office for United States Attorneys,,,
Executive,Department of Justice,Executive Office for United States Trustees,,,
Executive,Department of Justice,Federal Bureau of Investigation,,,
Executive,Department of Justice,Federal Bureau of Prisons,,,
Executive,Department of Justice,,UNICOR,,
Executive,Department of Justice,Foreign Claims Settlement Commission,,,
Executive,Department of Justice,INTERPOL - United States National Central Bureau,,,
Executive,Department of Justice,Justice Management Division,,,
Executive,Department of Justice,National Crime Information Center,,,
Executive,Department of Justice,National Drug Intelligence Center,,,
Executive,Department of Justice,National Institute of Corrections,,,
Executive,Department of Justice,National Security Division,,,
Executive,Department of Justice,Office of the Associate Attorney General,,,
Executive,Department of Justice,Office of the Attorney General,,,
Executive,Department of Justice,Office of Attorney Recruitment and Management,,,
Executive,Department of Justice,Office of the Chief Information Officer,,,
Executive,Department of Justice,Office of the Deputy Attorney General,,,
Executive,Department of Justice,Office of Dispute Resolution,,,
Executive,Department of Justice,Office of the Federal Detention Trustee,,,
Executive,Department of Justice,Office of Information Policy,,,
Executive,Department of Justice,Office of Intergovernmental and Public Liaison,,,
Executive,Department of Justice,Office of Intelligence and Analysis,,,
Executive,Department of Justice,Office of Justice Programs,,,
Executive,Department of Justice,,Bureau of Justice Assistance,,
Executive,Department of Justice,,Bureau of Justice Statistics,,
Executive,Department of Justice,,Community Capacity Development Office,,
Executive,Department of Justice,,National Criminal Justice Reference Service,,
Executive,Department of Justice,,National Institute of Justice,,
Executive,Department of Justice,,Office of Juvenile Justice and Delinquency Prevention,,
Executive,Department of Justice,,Office for Victims of Crime,,
Executive,Department of Justice,Office of Legal Counsel,,,
Executive,Department of Justice,Office of Legal Policy,,,
Executive,Department of Justice,Office of Legislative Affairs,,,
Executive,Department of Justice,Office of the Pardon Attorney,,,
Executive,Department of Justice,Office of Privacy and Civil Liberties,,,
Executive,Department of Justice,Office of Professional Responsibility,,,
Executive,Department of Justice,Office of Public Affairs,,,
Executive,Department of Justice,"Office of Sex Offender Sentencing, Monitoring, Apprehending, Registering and Tracking",,,
Executive,Department of Justice,Office of the Solicitor General,,,
Executive,Department of Justice,Office of Special Counsel,,,
Executive,Department of Justice,Office of Tribal Justice,,,
Executive,Department of Justice,Office on Violence Against Women,,,
Executive,Department of Justice,Professional Responsibility Advisory Office,,,
Executive,Department of Justice,Tax Division,,,
Executive,Department of Justice,United States Attorneys,,,
Executive,Department of Justice,United States Marshals,,,
Executive,Department of Justice,United States Parole Commission,,,
Executive,Department of Justice,United States Trustee Program,,,
Executive,Department of Labor,Bureau of International Labor Affairs,,,
Executive,Department of Labor,Bureau of Labor Statistics,,,
Executive,Department of Labor,Center for Faith-Based and Neighborhood Partnerships (DOL),,,
Executive,Department of Labor,Employee Benefits Security Administration,,,
Executive,Department of Labor,Employment and Training Administration,,,
Executive,Department of Labor,Job Corps,,,
Executive,Department of Labor,Mine Safety and Health Administration,,,
Executive,Department of Labor,Occupational Safety and Health Administration,,,
Executive,Department of Labor,Veterans' Employment and Training Service,,,
Executive,Department of Labor,Wage and Hour Division,,,
Executive,Department of Labor,Women's Bureau,,,
Executive,Department of Labor,Wirtz Labor Library,,,
Executive,Department of Labor,Administrative Review Board,,,
Executive,Department of Labor,Benefits Review Board,,,
Executive,Department of Labor,Employees' Compensation Appeals Board,,,
Executive,Department of Labor,Office of Administrative Law Judges,,,
Executive,Department of Labor,Office of the Assistant Secretary for Administration and Management,,,
Executive,Department of Labor,Office of the Assistant Secretary for Policy,,,
Executive,Department of Labor,Office of the Chief Financial Officer,,,
Executive,Department of Labor,Office of the Chief Information Officer,,,
Executive,Department of Labor,Office of Congressional and Intergovernmental Affairs,,,
Executive,Department of Labor,Office of Disability Employment Policy,,,
Executive,Department of Labor,Office of Federal Contract Compliance Programs,,,
Executive,Department of Labor,Office of Labor-Management Standards,,,
Executive,Department of Labor,Office of the Solicitor,,,
Executive,Department of Labor,Office of Worker's Compensation Program,,,
Executive,Department of Labor,Ombudsman for the Energy Employees Occupational Illness Compensation Program,,,
Executive,Department of State,National Council for the Traditional Arts,,,
Executive,Department of State,Bureau of Intelligence and Research,,,
Executive,Department of State,Bureau of Legislative Affairs,,,
Executive,Department of State,Office of the Legal Adviser,,,
Executive,Department of State,Executive Secretariat,,,
Executive,Department of State,Office of the Chief of Protocol,,,
Executive,Department of State,Office for Civil Rights,,,
Executive,Department of State,Office of the Coordinator for Counterterrorism,,,
Executive,Department of State,Office of the United States Global AIDS Coordinator,,,
Executive,Department of State,Office of Global Criminal Justice,,,
Executive,Department of State,Policy Planning Staff,,,
Executive,Department of State,Bureau of International Security and Nonproliferation,,,
Executive,Department of State,Bureau of Political-Military Affairs,,,
Executive,Department of State,"Bureau of Arms Control, Verification and Compliance",,,
Executive,Department of State,"Bureau of Democracy, Human Rights, and Labor",,,
Executive,Department of State,Bureau of Oceans and International Environmental and Scientific Affairs,,,
Executive,Department of State,"Bureau of Population, Refugees, and Migration",,,
Executive,Department of State,Office to Monitor and Combat Trafficking in Persons,,,
Executive,Department of State,"Bureau of Economic, Energy and Business Affairs",,,
Executive,Department of State,Bureau of Administration,,,
Executive,Department of State,Bureau of Consular Affairs,,,
Executive,Department of State,,Office of Overseas Citizens Services,,
Executive,Department of State,Bureau of Diplomatic Security (DS),,,
Executive,Department of State,,Diplomatic Security Service (DSS),,
Executive,Department of State,,Office of Foreign Missions (OFM),,
Executive,Department of State,,Overseas Security Advisory Council (OSAC),,
Executive,Department of State,Bureau of Human Resources,,,
Executive,Department of State,,Family Liaison Office,,
Executive,Department of State,Bureau of Information Resource Management,,,
Executive,Department of State,Bureau of Overseas Buildings Operations,,,
Executive,Department of State,Bureau of Resource Management,,,
Executive,Department of State,Foreign Service Institute,,,
Executive,Department of State,"Office of Management Policy, Rightsizing and Innovation",,,
Executive,Department of State,Bureau of African Affairs,,,
Executive,Department of State,Bureau of East Asian and Pacific Affairs,,,
Executive,Department of State,Bureau of European and Eurasian Affairs,,,
Executive,Department of State,Bureau for International Narcotics and Law Enforcement Affairs,,,
Executive,Department of State,Bureau of International Organization Affairs,,,
Executive,Department of State,Bureau of Near Eastern Affairs,,,
Executive,Department of State,Bureau of South and Central Asian Affairs,,,
Executive,Department of State,Bureau of Western Hemisphere Affairs,,,
Executive,Department of State,Bureau of Educational and Cultural Affairs,,,
Executive,Department of State,Bureau of International Information Programs,,,
Executive,Department of State,Bureau of Public Affairs,,,
Executive,Department of State,,Office of the Historian,,
Executive,Department of State,"Office of Policy, Planning and Resources for Public Diplomacy and Public Affairs",,,
Executive,Department of State,United States Mission to the African Union,,,
Executive,Department of State,United States Mission to ASEAN,,,
Executive,Department of State,United States mission to the Arab League,,,
Executive,Department of State,United States mission to the Council of Europe (and to all other European Agencies),,,
Executive,Department of State,United States Mission to International Organizations in Vienna,,,
Executive,Department of State,United States Mission to the European Union,,,
Executive,Department of State,United States Mission to the International Civil Aviation Organization,,,
Executive,Department of State,United States Mission to the North Atlantic Treaty Organization,,,
Executive,Department of State,United States Mission to the Organisation for Economic Co-operation and Development,,,
Executive,Department of State,United States Mission to the Organization of American States,,,
Executive,Department of State,United States Mission to the Organization for Security and Cooperation in Europe,,,
Executive,Department of State,United States Mission to the United Nations,,,
Executive,Department of State,United States Mission to the UN Agencies in Rome,,,
Executive,Department of State,United States Mission to the United Nations Office and Other International Organizations in Geneva,,,
Executive,Department of State,"United States Observer Mission to the United Nations Educational, Scientific, and Cultural Organization",,,
Executive,Department of State,United States Permanent Mission to the United Nations Environment Program and the United Nations Human Settlements Programme,,,
Executive,Department of Transportation,Bureau of Transportation Statistics,,,
Executive,Department of Transportation,Federal Aviation Administration,,,
Executive,Department of Transportation,,Air Traffic Organization,,
Executive,Department of Transportation,Federal Highway Administration,,,
Executive,Department of Transportation,Federal Motor Carrier Safety Administration,,,
Executive,Department of Transportation,Federal Railroad Administration,,,
Executive,Department of Transportation,Federal Transit Administration,,,
Executive,Department of Transportation,Maritime Administration,,,
Executive,Department of Transportation,National Highway Traffic Safety Administration,,,
Executive,Department of Transportation,"Office of Intelligence, Security and Emergency Response",,,
Executive,Department of Transportation,Pipeline and Hazardous Materials Safety Administration,,,
Executive,Department of Transportation,Research and Innovative Technology Administration,,,
Executive,Department of Transportation,St. Lawrence Seaway System,,,
Executive,Department of Transportation,,Saint Lawrence Seaway Development Corporation,,
Executive,Department of Transportation,,St. Lawrence Seaway Economic Development Corporation,,
Executive,Department of Transportation,Surface Transportation Board,,,
Executive,Department of the Treasury,Alcohol and Tobacco Tax and Trade Bureau,,,
Executive,Department of the Treasury,Bureau of Engraving and Printing,,,
Executive,Department of the Treasury,Bureau of the Fiscal Service,,,
Executive,Department of the Treasury,Community Development Financial Institutions Fund,,,
Executive,Department of the Treasury,Federal Consulting Group,,,
Executive,Department of the Treasury,Financial Crimes Enforcement Network,,,
Executive,Department of the Treasury,Internal Revenue Service,,,
Executive,Department of the Treasury,Office of the Comptroller of the Currency,,,
Executive,Department of the Treasury,,Office of Thrift Supervision,,
Executive,Department of the Treasury,Office of Financial Stability,,,
Executive,Department of the Treasury,United States Mint,,,
Executive,Department of the Treasury,Office of Domestic Finance,,,
Executive,Department of the Treasury,Office of Economic Policy,,,
Executive,Department of the Treasury,Office of International Affairs,,,
Executive,Department of the Treasury,Office of Tax Policy,,,
Executive,Department of the Treasury,Office of Terrorism and Financial Intelligence,,,
Executive,Department of the Treasury,Treasurer of the United States,,,
Executive,Department of Veterans Affairs,National Cemetery Administration,,,
Executive,Department of Veterans Affairs,Veterans Benefits Administration,,,
Executive,Department of Veterans Affairs,Veterans Health Administration,,,
Executive,Department of Veterans Affairs,Board of Veterans' Appeals,,,
Executive,Department of Veterans Affairs,Center for Faith-Based and Community Initiatives,,,
Executive,Department of Veterans Affairs,Center for Minority Veterans,,,
Executive,Department of Veterans Affairs,Center for Veterans Enterprise,,,
Executive,Department of Veterans Affairs,Center for Women Veterans,,,
Executive,Department of Veterans Affairs,Office of Advisory Committee Management,,,
Executive,Department of Veterans Affairs,Office of Employment Discrimination Complaint Adjudication,,,
Executive,Department of Veterans Affairs,Office of Survivors Assistance,,,
Executive,Department of Veterans Affairs,Small and Disadvantaged Business Utilization,,,
Executive,Department of Veterans Affairs,Veterans Service Organizations Liaison,,,
Independent Agencies and Government-Owned Corporations,~~~,Administrative Conference of the United States,,,
Independent Agencies and Government-Owned Corporations,~~~,Advisory Council on Historic Preservation,,,
Independent Agencies and Government-Owned Corporations,~~~,African Development Foundation,,,
Independent Agencies and Government-Owned Corporations,~~~,Amtrak (National Railroad Passenger Corporation),,,
Independent Agencies and Government-Owned Corporations,~~~,Armed Forces Retirement Home,,,
Independent Agencies and Government-Owned Corporations,~~~,Central Intelligence Agency,,,
Independent Agencies and Government-Owned Corporations,~~~,Commission on Civil Rights,,,
Independent Agencies and Government-Owned Corporations,~~~,Commodity Futures Trading Commission,,,
Independent Agencies and Government-Owned Corporations,~~~,Consumer Product Safety Commission,,,
Independent Agencies and Government-Owned Corporations,~~~,Corporation for National and Community Service,,,
Independent Agencies and Government-Owned Corporations,~~~,Court Services and Offender Supervision Agency,,,
Independent Agencies and Government-Owned Corporations,~~~,Corporation for Public Broadcasting,,,
Independent Agencies and Government-Owned Corporations,~~~,Defense Nuclear Facilities Safety Board,,,
Independent Agencies and Government-Owned Corporations,~~~,Election Assistance Commission,,,
Independent Agencies and Government-Owned Corporations,~~~,Environmental Protection Agency,,,
Independent Agencies and Government-Owned Corporations,~~~,Equal Employment Opportunity Commission,,,
Independent Agencies and Government-Owned Corporations,~~~,Export-Import Bank of the United States,,,
Independent Agencies and Government-Owned Corporations,~~~,Farm Credit Administration,,,
Independent Agencies and Government-Owned Corporations,~~~,Federal Communications Commission,,,
Independent Agencies and Government-Owned Corporations,~~~,Federal Deposit Insurance Corporation,,,
Independent Agencies and Government-Owned Corporations,~~~,Federal Election Commission,,,
Independent Agencies and Government-Owned Corporations,~~~,Federal Housing Finance Board,,,
Independent Agencies and Government-Owned Corporations,~~~,Federal Labor Relations Authority,,,
Independent Agencies and Government-Owned Corporations,~~~,Federal Maritime Commission,,,
Independent Agencies and Government-Owned Corporations,~~~,Federal Mediation and Conciliation Service,,,
Independent Agencies and Government-Owned Corporations,~~~,Federal Mine Safety and Health Review Commission,,,
Independent Agencies and Government-Owned Corporations,~~~,Federal Reserve System,,,
Independent Agencies and Government-Owned Corporations,~~~,,Consumer Financial Protection Bureau,,
Independent Agencies and Government-Owned Corporations,~~~,Federal Retirement Thrift Investment Board,,,
Independent Agencies and Government-Owned Corporations,~~~,Federal Trade Commission,,,
Independent Agencies and Government-Owned Corporations,~~~,General Services Administration,,,
Independent Agencies and Government-Owned Corporations,~~~,Helen Keller National Center,,,
Independent Agencies and Government-Owned Corporations,~~~,Institute of Museum and Library Services,,,
Independent Agencies and Government-Owned Corporations,~~~,Inter-American Foundation,,,
Independent Agencies and Government-Owned Corporations,~~~,International Broadcasting Bureau,,,
Independent Agencies and Government-Owned Corporations,~~~,Merit Systems Protection Board,,,
Independent Agencies and Government-Owned Corporations,~~~,Military Postal Service Agency,,,
Independent Agencies and Government-Owned Corporations,~~~,National Aeronautics and Space Administration,,,
Independent Agencies and Government-Owned Corporations,~~~,National Archives and Records Administration,,,
Independent Agencies and Government-Owned Corporations,~~~,,Office of the Federal Register,,
Independent Agencies and Government-Owned Corporations,~~~,National Capital Planning Commission,,,
Independent Agencies and Government-Owned Corporations,~~~,National Constitution Center,,,
Independent Agencies and Government-Owned Corporations,~~~,National Council on Disability,,,
Independent Agencies and Government-Owned Corporations,~~~,National Credit Union Administration,,,
Independent Agencies and Government-Owned Corporations,~~~,,Central Liquidity Facility,,
Independent Agencies and Government-Owned Corporations,~~~,National Endowment for the Arts,,,
Independent Agencies and Government-Owned Corporations,~~~,National Endowment for the Humanities,,,
Independent Agencies and Government-Owned Corporations,~~~,National Labor Relations Board,,,
Independent Agencies and Government-Owned Corporations,~~~,National Mediation Board,,,
Independent Agencies and Government-Owned Corporations,~~~,National Science Foundation,,,
Independent Agencies and Government-Owned Corporations,~~~,United States Antarctic Program,,,
Independent Agencies and Government-Owned Corporations,~~~,United States Arctic Program,,,
Independent Agencies and Government-Owned Corporations,~~~,National Transportation Safety Board,,,
Independent Agencies and Government-Owned Corporations,~~~,Nuclear Regulatory Commission,,,
Independent Agencies and Government-Owned Corporations,~~~,"Office of the Federal Coordinator, Alaska Natural Gas Transportation Projects",,,
Independent Agencies and Government-Owned Corporations,~~~,Occupational Safety and Health Review Commission,,,
Independent Agencies and Government-Owned Corporations,~~~,Office of Compliance,,,
Independent Agencies and Government-Owned Corporations,~~~,Office of Government Ethics,,,
Independent Agencies and Government-Owned Corporations,~~~,Office of Personnel Management,,,
Independent Agencies and Government-Owned Corporations,~~~,,Federal Executive Institute,,
Independent Agencies and Government-Owned Corporations,~~~,,Combined Federal Campaign,,
Independent Agencies and Government-Owned Corporations,~~~,Office of Special Counsel,,,
Independent Agencies and Government-Owned Corporations,~~~,Office of the National Counterintelligence Executive,,,
Independent Agencies and Government-Owned Corporations,~~~,Office of the Director of National Intelligence,,,
Independent Agencies and Government-Owned Corporations,~~~,,Intelligence Advanced Research Projects Activity,,
Independent Agencies and Government-Owned Corporations,~~~,Overseas Private Investment Corporation,,,
Independent Agencies and Government-Owned Corporations,~~~,Panama Canal Commission,,,
Independent Agencies and Government-Owned Corporations,~~~,Peace Corps,,,
Independent Agencies and Government-Owned Corporations,~~~,Pension Benefit Guaranty Corporation,,,
Independent Agencies and Government-Owned Corporations,~~~,Postal Regulatory Commission,,,
Independent Agencies and Government-Owned Corporations,~~~,Railroad Retirement Board,,,
Independent Agencies and Government-Owned Corporations,~~~,Securities and Exchange Commission,,,
Independent Agencies and Government-Owned Corporations,~~~,Securities Investor Protection Corporation,,,
Independent Agencies and Government-Owned Corporations,~~~,Selective Service System,,,
Independent Agencies and Government-Owned Corporations,~~~,Small Business Administration,,,
Independent Agencies and Government-Owned Corporations,~~~,Social Security Administration,,,
Independent Agencies and Government-Owned Corporations,~~~,Tennessee Valley Authority,,,
Independent Agencies and Government-Owned Corporations,~~~,U.S. Trade and Development Agency,,,
Independent Agencies and Government-Owned Corporations,~~~,United States Agency for International Development,,,
Independent Agencies and Government-Owned Corporations,~~~,United States International Trade Commission,,,
Independent Agencies and Government-Owned Corporations,~~~,United States Postal Service,,,
Boards and Commissions,~~~,Abraham Lincoln Bicentennial Foundation,,,
Boards and Commissions,~~~,Administrative Committee of the Federal Register,,,
Boards and Commissions,~~~,American Battle Monuments Commission,,,
Boards and Commissions,~~~,Appalachian Regional Commission,,,
Boards and Commissions,~~~,Architectural and Transportation Barriers Compliance Board (United States Access Board),,,
Boards and Commissions,~~~,Arctic Research Commission,,,
Boards and Commissions,~~~,Arthritis and Musculoskeletal Interagency Coordinating Committee,,,
Boards and Commissions,~~~,Barry M. Goldwater Scholarship and Excellence in Education Foundation,,,
Boards and Commissions,~~~,Broadcasting Board of Governors,,,
Boards and Commissions,~~~,Chemical Safety and Hazard Investigation Board,,,
Boards and Commissions,~~~,Chief Acquisition Officers Council,,,
Boards and Commissions,~~~,Chief Financial Officers Council,,,
Boards and Commissions,~~~,Chief Human Capital Officers Council,,,
Boards and Commissions,~~~,Chief Information Officers Council,,,
Boards and Commissions,~~~,Citizens' Stamp Advisory Committee,,,
Boards and Commissions,~~~,Commission of Fine Arts,,,
Boards and Commissions,~~~,Commission on International Religious Freedom,,,
Boards and Commissions,~~~,Commission on Security and Cooperation in Europe (United States Helsinki Commission),,,
Boards and Commissions,~~~,Commission on Wartime Contracting (Will sunset when announced (currently not announced) ),,,
Boards and Commissions,~~~,Committee for Purchase from People Who Are Blind or Severely Disabled,,,
Boards and Commissions,~~~,Committee for the Implementation of Textile Agreements,,,
Boards and Commissions,~~~,Committee on Foreign Investment in the United States,,,
Boards and Commissions,~~~,Coordinating Council on Juvenile Justice and Delinquency Prevention,,,
Boards and Commissions,~~~,Defense Acquisition University,,,
Boards and Commissions,~~~,Delaware River Basin Commission,,,
Boards and Commissions,~~~,Denali Commission,,,
Boards and Commissions,~~~,Endangered Species Committee,,,
Boards and Commissions,~~~,Federal Accounting Standards Advisory Board,,,
Boards and Commissions,~~~,Federal Advisory Committees,,,
Boards and Commissions,~~~,Federal Executive Boards,,,
Boards and Commissions,~~~,Federal Financial Institutions Examination Council,,,
Boards and Commissions,~~~,Federal Financing Bank,,,
Boards and Commissions,~~~,Federal Geographic Data Committee,,,
Boards and Commissions,~~~,Federal Interagency Committee for the Management of Noxious and Exotic Weeds,,,
Boards and Commissions,~~~,Federal Interagency Committee on Education,,,
Boards and Commissions,~~~,Federal Interagency Council on Statistical Policy,,,
Boards and Commissions,~~~,Federal Laboratory Consortium for Technology Transfer,,,
Boards and Commissions,~~~,Federal Library and Information Center Committee,,,
Boards and Commissions,~~~,Financial Crisis Inquiry Commission,,,
Boards and Commissions,~~~,Harry S. Truman Scholarship Foundation,,,
Boards and Commissions,~~~,Illinois and Michigan Canal National Heritage Corridor Commission,,,
Boards and Commissions,~~~,Indian Arts and Crafts Board,,,
Boards and Commissions,~~~,Interagency Alternate Dispute Resolution Working Group,,,
Boards and Commissions,~~~,Interagency Council on Homelessness,,,
Boards and Commissions,~~~,Interstate Commission on the Potomac River Basin,,,
Boards and Commissions,~~~,J. William Fulbright Foreign Scholarship Board,,,
Boards and Commissions,~~~,James Madison Memorial Fellowship Foundation,,,
Boards and Commissions,~~~,Japan-United States Friendship Commission,,,
Boards and Commissions,~~~,Joint Board for the Enrollment of Actuaries,,,
Boards and Commissions,~~~,Joint Fire Science Program,,,
Boards and Commissions,~~~,Marine Mammal Commission,,,
Boards and Commissions,~~~,Migratory Bird Conservation Commission,,,
Boards and Commissions,~~~,Millennium Challenge Corporation,,,
Boards and Commissions,~~~,Mississippi River Commission,,,
Boards and Commissions,~~~,Morris K. Udall and Stewart L. Udall Foundation,,,
Boards and Commissions,~~~,National Bipartisan Commission on the Future of Medicare,,,
Boards and Commissions,~~~,National Indian Gaming Commission,,,
Boards and Commissions,~~~,National Interagency Fire Center,,,
Boards and Commissions,~~~,National Commission on the BP Deepwater Horizon Oil Spill and Offshore Drilling,,,
Boards and Commissions,~~~,National Park Foundation,,,
Boards and Commissions,~~~,Northwest Power and Conservation Council (Northwest Power Planning Council),,,
Boards and Commissions,~~~,Nuclear Regulatory Commission,,,
Boards and Commissions,~~~,Nuclear Waste Technical Review Board,,,
Boards and Commissions,~~~,Preserve America,,,
Boards and Commissions,~~~,Presidential Commission for the Study of Bioethical Issues,,,
Boards and Commissions,~~~,"President's Council on Fitness, Sports, and Nutrition",,,
Boards and Commissions,~~~,Presidents Management Council,,,
Boards and Commissions,~~~,Presidio Trust,,,
Boards and Commissions,~~~,Privacy and Civil Liberties Oversight Board,,,
Boards and Commissions,~~~,Regulatory Service Center (Office of Information and Regulatory Affairs),,,
Boards and Commissions,~~~,Social Security Advisory Board,,,
Boards and Commissions,~~~,Susquehanna River Basin Commission,,,
Boards and Commissions,~~~,Taxpayer Advocacy Panel,,,
Boards and Commissions,~~~,United States Holocaust Memorial Museum,,,
Boards and Commissions,~~~,Veterans Day National Committee,,,
Boards and Commissions,~~~,Vietnam Educational Foundation,,,
Boards and Commissions,~~~,White House Commission on Presidential Scholars (Presidential Scholars Program),,,
Boards and Commissions,~~~,White House Commission on the National Moment of Remembrance,,,
Chartered Organizations,~~~,Boys and Girls Clubs of America,,,
Chartered Organizations,~~~,American Red Cross,,,
Chartered Organizations,~~~,American Red Crescent Movement,,,
Chartered Organizations,~~~,Boy Scouts of America,,,
Chartered Organizations,~~~,Girl Scouts of the USA,,,
Chartered Organizations,~~~,National Ski Patrol,,,
Chartered Organizations,~~~,National Academy of the Sciences,,,
Quasi-Official Agencies,~~~,Legal Services Corporation,,,
Quasi-Official Agencies,~~~,Smithsonian Institution,,,
Quasi-Official Agencies,~~~,John F. Kennedy Center for the Performing Arts,,,
Quasi-Official Agencies,~~~,State Justice Institute,,,
Quasi-Official Agencies,~~~,United States Institute of Peace,,,
Quasi-Official Agencies,~~~,National Trust for Historic Preservation,,,
Quasi-Official Agencies,~~~,Brand USA,,,
Quasi-Official Agencies,~~~,Graduate School USDA,,,
Quasi-Official Agencies,~~~,Graduate School USA,,,
Private Regulatory Corporations,~~~,Public Company Accounting Oversight Board,,,
Private Regulatory Corporations,~~~,Internet Corporation for Assigned Names and Numbers,,,
Private Regulatory Corporations,~~~,Municipal Securities Rulemaking Board,,,
Private Regulatory Corporations,~~~,National Futures Association,,,
Government entities created by acts but are independent or other entities,~~~,American Institute in Taiwan,,,
Government entities created by acts but are independent or other entities,~~~,COMSAT,,,
Government entities created by acts but are independent or other entities,~~~,Cotton Incorporated,,,
Government entities created by acts but are independent or other entities,~~~,Dairy Management Inc.,,,
Government entities created by acts but are independent or other entities,~~~,In-Q-Tel,,,
Government entities created by acts but are independent or other entities,~~~,Protestant Episcopal Cathedral Foundation,,,
Government entities created by acts but are independent or other entities,~~~,,Washington National Cathedral,,
Government entities created by acts but are independent or other entities,~~~,Financial Industry Regulatory Authority,,,
Government entities created by acts but are independent or other entities,~~~,National Consumer Cooperative Bank,,,
Government entities created by acts but are independent or other entities,~~~,National Corporation for Housing Partnerships,,,
Government entities created by acts but are independent or other entities,~~~,National Endowment for Democracy,,,
Government entities created by acts but are independent or other entities,~~~,National Fish and Wildlife Foundation,,,
Government entities created by acts but are independent or other entities,~~~,National Technical Institute for the Deaf,,,
Government entities created by acts but are independent or other entities,~~~,Neighborhood Reinvestment Corporation,,,
Government entities created by acts but are independent or other entities,~~~,Pennsylvania Avenue Development Corporation,,,
Government entities created by acts but are independent or other entities,~~~,The Financing Corporation,,,
Government entities created by acts but are independent or other entities,~~~,Sister Cities International,,,
Government entities created by acts but are independent or other entities,~~~,,Twin Cities International,,
Government entities created by acts but are independent or other entities,~~~,United States Olympic Committee (also chartered),,,
Government entities created by acts but are independent or other entities,~~~,,United States National Paralympic Committee,,
Government entities created by acts but are independent or other entities,~~~,,United States Anti-Doping Agency,,
Government-sponsored enterprises,~~~,Farm Credit System Insurance Corporation,,,
Government-sponsored enterprises,~~~,Federal Agricultural Mortgage Corporation (Farmer Mac),,,
Government-sponsored enterprises,~~~,Federal Home Loan Mortgage Corporation (Freddie Mac),,,
Government-sponsored enterprises,~~~,Federal National Mortgage Association (Fannie Mae),,,
Government-sponsored enterprises,~~~,AbilityOne,,,
Government-sponsored enterprises,~~~,Federal Home Loan Banks,,,
Government-sponsored enterprises,~~~,Farm Credit System,,,
Other,~~~,The MITRE Corporation,,,
Other,~~~,The RAND Corporation,,,
